0,01,Face Not Detected,2026-07-27 12:03:40,Face absent for 0 sec
1,01,Exam Ended,2026-07-27 12:03:41,Candidate submitted the exam.
2,01,Exam Ended,2026-07-27 12:11:08,Candidate submitted the exam.
3,01,Face Not Detected,2026-07-27 12:22:30,Face absent for 0 sec
4,01,Face Not Detected,2026-07-27 12:22:33,Face absent for 2 sec
5,01,Face Not Detected,2026-07-27 12:22:34,Face absent for 1 sec
6,01,Face Not Detected,2026-07-27 12:22:35,Face absent for 0 sec
7,01,Face Not Detected,2026-07-27 12:22:35,Face absent for 0 sec
8,01,Face Not Detected,2026-07-27 19:09:23,Face absent for 1 sec
9,01,Face Not Detected,2026-07-27 19:09:24,Face absent for 0 sec
10,01,Face Not Detected,2026-07-27 19:58:47,Face absent for 0 sec
11,01,Face Not Detected,2026-07-27 20:15:35,Face absent for 2 sec
12,01,Face Not Detected,2026-07-27 20:15:38,Face absent for 2 sec
13,01,Face Not Detected,2026-07-27 20:15:38,Face absent for 0 sec
14,01,Face Not Detected,2026-07-27 20:15:42,Face absent for 0 sec
15,01,Face Not Detected,2026-07-27 20:15:42,Face absent for 0 sec
16,01,Face Not Detected,2026-07-27 20:15:43,Face absent for 0 sec
17,01,Face Not Detected,2026-07-27 20:23:19,Face absent for 286 sec
18,01,Face Not Detected,2026-07-27 20:23:20,Face absent for 0 sec
19,01,Face Not Detected,2026-07-27 20:23:20,Face absent for 0 sec
20,01,Face Not Detected,2026-07-27 20:23:20,Face absent for 0 sec
21,01,Face Not Detected,2026-07-27 20:23:21,Face absent for 0 sec
22,01,Face Not Detected,2026-07-27 20:23:21,Face absent for 0 sec
23,01,Face Not Detected,2026-07-27 20:23:21,Face absent for 0 sec
24,01,Face Not Detected,2026-07-27 20:23:22,Face absent for 0 sec
25,01,Face Not Detected,2026-07-27 20:23:22,Face absent for 0 sec
26,01,Face Not Detected,2026-07-28 21:31:23,Face absent for 5 sec
27,01,Face Not Detected,2026-07-28 21:31:24,Face absent for 0 sec
28,01,Face Not Detected,2026-07-28 21:31:25,Face absent for 0 sec
29,01,Face Not Detected,2026-07-28 21:31:25,Face absent for 0 sec
30,01,Face Not Detected,2026-07-28 21:31:26,Face absent for 0 sec
31,01,Face Not Detected,2026-07-28 21:31:26,Face absent for 0 sec
32,01,Face Not Detected,2026-07-28 21:31:26,Face absent for 0 sec
33,01,Face Not Detected,2026-07-28 21:31:26,Face absent for 0 sec
34,01,Face Not Detected,2026-07-28 21:31:27,Face absent for 0 sec
35,02,Face Not Detected,2026-07-29 19:38:25,Face absent for 5 sec
36,01,Face Not Detected,2026-07-29 20:06:18,Face absent for 1 sec
37,01,Face Not Detected,2026-07-29 20:50:37,Face absent for 0 sec
38,01,Face Not Detected,2026-07-29 20:50:38,Face absent for 0 sec
39,01,Face Not Detected,2026-07-29 20:50:38,Face absent for 0 sec
40,01,Face Not Detected,2026-07-29 20:53:08,Face absent for 3 sec
41,01,Face Not Detected,2026-07-29 20:53:15,Face absent for 6 sec
42,01,Face Not Detected,2026-07-29 20:53:15,Face absent for 0 sec
43,01,Face Not Detected,2026-07-29 20:53:15,Face absent for 0 sec
44,01,Face Not Detected,2026-07-29 20:53:16,Face absent for 0 sec
45,01,Face Not Detected,2026-07-29 20:53:16,Face absent for 0 sec
46,01,Face Not Detected,2026-07-29 20:59:44,Face absent for 0 sec
47,01,Face Not Detected,2026-07-29 20:59:44,Face absent for 0 sec
48,01,Face Not Detected,2026-07-29 21:08:35,Face absent for 113 sec
49,01,Face Not Detected,2026-07-29 21:08:37,Face absent for 1 sec
50,01,Face Not Detected,2026-07-29 21:08:37,Face absent for 0 sec
51,01,Face Not Detected,2026-07-29 21:08:41,Face absent for 0 sec
52,01,Face Not Detected,2026-07-29 21:08:42,Face absent for 0 sec
53,01,Face Not Detected,2026-07-29 21:08:42,Face absent for 0 sec
54,01,Face Not Detected,2026-07-29 21:08:42,Face absent for 0 sec
55,01,Face Not Detected,2026-07-29 21:08:43,Face absent for 0 sec
56,01,Face Not Detected,2026-07-29 21:08:43,Face absent for 0 sec
57,01,Face Not Detected,2026-07-29 21:08:43,Face absent for 0 sec
58,01,Face Not Detected,2026-07-29 21:08:44,Face absent for 0 sec
59,01,Face Not Detected,2026-07-29 21:08:44,Face absent for 0 sec
60,01,Face Not Detected,2026-07-29 21:21:05,Face absent for 1 sec
61,01,Face Not Detected,2026-07-29 21:21:06,Face absent for 1 sec
62,01,Face Not Detected,2026-07-29 21:21:06,Face absent for 0 sec
63,01,Face Not Detected,2026-07-29 21:21:07,Face absent for 0 sec
64,01,Face Not Detected,2026-07-29 21:21:09,Face absent for 0 sec
65,01,Face Not Detected,2026-07-29 21:21:10,Face absent for 0 sec
66,01,Face Not Detected,2026-07-29 21:21:10,Face absent for 0 sec
67,01,Face Not Detected,2026-07-29 21:21:15,Face absent for 4 sec
68,01,Face Not Detected,2026-07-29 21:21:15,Face absent for 0 sec
69,01,Face Not Detected,2026-07-29 21:21:15,Face absent for 0 sec
70,01,Face Not Detected,2026-07-29 22:11:49,Face absent for 0 sec
71,01,Face Not Detected,2026-07-29 22:11:49,Face absent for 0 sec
72,01,Face Not Detected,2026-07-29 22:11:49,Face absent for 0 sec
73,01,Face Not Detected,2026-07-29 22:11:50,Face absent for 0 sec
74,01,Face Not Detected,2026-07-29 22:11:50,Face absent for 0 sec
75,01,Face Not Detected,2026-07-29 22:11:50,Face absent for 0 sec
76,01,Face Not Detected,2026-07-29 22:11:52,Face absent for 1 sec
77,01,Face Not Detected,2026-07-29 22:11:54,Face absent for 1 sec
78,01,Face Not Detected,2026-07-29 22:11:57,Face absent for 2 sec
79,01,Face Not Detected,2026-07-29 22:11:57,Face absent for 0 sec
80,01,Face Not Detected,2026-07-29 22:11:58,Face absent for 0 sec
81,02,Face Not Detected,2026-07-29 22:20:10,Face absent for 1 sec
82,01,Face Not Detected,2026-07-31 21:27:35,Face absent for 3 sec
83,01,Face Not Detected,2026-07-31 21:27:35,Face absent for 0 sec
84,01,Face Not Detected,2026-08-03 21:13:08,Face absent for 0 sec
85,01,Face Not Detected,2026-08-03 21:13:16,Face absent for 0 sec
